<taxonomy>
  <class name="aves">
    <feature>Feathers</feature>
    <feature>beak</feature>
    <order name="galliforme">
      <feature>chicken-like</feature>
      <feature>ground feeder</feature>
      <family name="phasianidae">
        <feature>terrestrial</feature>
        <summary species="151" genus="12">Turkeys, Chickens, Quails, pheasant</summary>
      </family>
    </order>
    <order name="Falconiformes">
      <feature>diurnal</feature>
      <feature>carnivore</feature>
      <family name="Apterygidae">
        <feature>small</feature>
        <summary species="233" genus="67">Eagle, Hawk, Kites</summary>
      </family>
    </order>
    <order name="Struthioniformes">
      <feature>flightless</feature>
      <feature>omnivore</feature>
      <feature>three-toed</feature>
      <family name="Apterygidae">
        <feature>small</feature>
        <summary species="5" genus="1">Kiwi</summary>
      </family>
      <family name="Dromaiidae">
        <feature>tail-less</feature>
        <summary species="1" genus="1">Emu</summary>
      </family>
      <family name="Struthionidae">
        <feature>large</feature>
        <summary species="2" genus="1">Ostrich</summary>
      </family>
    </order>
    <order name="Passeriformes">
      <family name="Turdidae">
        <feature>omnivore</feature>
        <summary species="171" genus="21">blue bird</summary>
      </family>
    </order>
  </class>
  <class name="Chondrichthyes">
    <order name="Carcharhiniformes">
      <family name="Sphyrnidae">
        <feature>dorsal fin</feature>
        <feature>gills</feature>
        <feature>carnivore</feature>
        <summary species="9" genus="2">hammerhead shark</summary>
      </family>
    </order>
  </class>
</taxonomy>